id,first_name,last_name,email,gender,city,salary
1,Dannel,Delmage,ddelmage0@studiopress.com,Male,Ponta do Sol,40145
2,Reggie,Beeble,rbeeble1@stumbleupon.com,Female,Huangshan,33267
3,Dalenna,Ruby,druby2@goo.ne.jp,Female,Strängnäs,58980
4,Garret,Gatsby,ggatsby3@amazon.co.jp,Male,Coroatá,32114
5,Daria,Pickthorn,dpickthorn4@homestead.com,Female,Зуунмод,47833
6,Ettie,Monckton,emonckton5@washington.edu,Female,Dongchuan,44974
7,Lyle,Menichillo,lmenichillo6@facebook.com,Male,Cristalina,54392
8,Dewie,Tanswill,dtanswill7@nih.gov,Male,Xamtay,23574
9,Rebekah,Matchett,rmatchett8@wiley.com,Female,Oughterard,40237
10,Helenelizabeth,Crapper,hcrapper9@japanpost.jp,Female,Dakhla,20538
11,Florinda,Crayden,fcraydena@about.me,Female,Perehonivka,29900
12,Jehu,Jeandet,jjeandetb@cam.ac.uk,Male,Opinogóra Górna,32402
13,Jeramey,Taphouse,jtaphousec@blogspot.com,Male,Matahuasi,32037
14,Dell,Witherden,dwitherdend@youtu.be,Male,Narukan,44449
15,Malena,Gewer,mgewere@baidu.com,Female,Kítsi,24153
16,Eartha,Mengo,emengof@wsj.com,Female,Zbrosławice,57847
17,Xerxes,Kas,xkasg@disqus.com,Male,Banjar Madangan Kaja,43915
18,Elysia,Moniker,emonikerh@people.com.cn,Female,Kirovohrad,26840
19,Iorgos,Lancett,ilancetti@wikia.com,Male,Shanghu,29499
20,Desi,Catley,dcatleyj@4shared.com,Male,Pau,56179
21,Leonelle,Comrie,lcomriek@taobao.com,Female,Macapsing,39607
22,Maximilianus,Sherred,msherredl@github.com,Male,Cachan,37177
23,Scot,Yandle,syandlem@icio.us,Male,Tầm Vu,22086
24,Josephina,Babin,jbabinn@zdnet.com,Female,Cincinnati,41453
25,Blythe,Bootherstone,bbootherstoneo@ucsd.edu,Female,Huji,39160
26,Vassili,Oxlade,voxladep@goo.ne.jp,Male,Midland,46182
27,Tracey,Fanshaw,tfanshawq@youtube.com,Male,Toguchin,33643
28,Cammy,Cossins,ccossinsr@google.es,Female,Ambalavao,38591
29,Fidole,McMenamie,fmcmenamies@privacy.gov.au,Male,Lincoln,40687
30,Meghann,Clausius,mclausiust@washingtonpost.com,Female,Östersund,39392
31,Jaclyn,Cathie,jcathieu@w3.org,Female,Stenungsund,27908
32,Chic,Genery,cgeneryv@linkedin.com,Male,Virolahti,31697
33,Guthry,Deamer,gdeamerw@shop-pro.jp,Male,Andorinha,21048
34,Antonius,Purse,apursex@shareasale.com,Male,Rungis,20971
35,Alfred,Aime,aaimey@squarespace.com,Male,Jahrom,49408
36,Adaline,Kunath,akunathz@bbb.org,Female,Nagasaki-shi,34873
37,Antonio,Marlin,amarlin10@furl.net,Male,Montpellier,41872
38,Hugibert,MacMorland,hmacmorland11@studiopress.com,Male,Belén de Umbría,55986
39,Adeline,Bindley,abindley12@latimes.com,Female,Fengyang,20193
40,Clerc,Dorset,cdorset13@umn.edu,Male,Panyingkiran,50790
41,Sonja,Maxfield,smaxfield14@networksolutions.com,Female,Sanhe,20482
42,Danika,Tirrell,dtirrell15@1und1.de,Female,Sophia Antipolis,26849
43,Celka,Sebyer,csebyer16@chron.com,Female,Huajie,24746
44,Shanie,Skellon,sskellon17@dmoz.org,Female,Szczerców,56992
45,Joyous,Royse,jroyse18@google.de,Female,Kranj,20318
46,Ulrike,McGiff,umcgiff19@mayoclinic.com,Female,Magaria,52285
47,Patten,Sherwell,psherwell1a@smugmug.com,Male,Surovikino,37993
48,Dorette,Mackstead,dmackstead1b@time.com,Female,Harrison Brook,38064
49,Kaitlynn,Camilletti,kcamilletti1c@desdev.cn,Female,Hrvace,20775
50,Celie,De Roberto,cderoberto1d@chron.com,Female,Pining,55326
51,Barnaby,Kier,bkier1e@barnesandnoble.com,Male,Xiagang,21127
52,Vinson,Haet,vhaet1f@sitemeter.com,Male,Qindu,53889
53,Gavin,Jurca,gjurca1g@nyu.edu,Male,Pocsi,22974
54,Ollie,Packington,opackington1h@businessweek.com,Male,Quinarayan,55508
55,Hillier,Sprasen,hsprasen1i@goo.ne.jp,Male,Shahe,59285
56,Malinde,Wathall,mwathall1j@unicef.org,Female,Arrap’i,44580
57,Reeva,Lamke,rlamke1k@sitemeter.com,Female,Dadap,20569
58,Leonhard,Bannester,lbannester1l@google.es,Male,Wanglinkou,48491
59,Camella,Fley,cfley1m@addthis.com,Female,Longjumeau,33157
60,Daron,Cave,dcave1n@discovery.com,Female,Shlissel’burg,20614
61,Gasparo,MacAlpine,gmacalpine1o@google.com.hk,Male,Gamping Lor,35027
62,Ezechiel,Beven,ebeven1p@google.de,Male,Jalālābād,50220
63,Brandise,Gartenfeld,bgartenfeld1q@xrea.com,Female,Quaraí,24882
64,Flore,Sim,fsim1r@trellian.com,Female,Yanqul,30128
65,Brocky,Screwton,bscrewton1s@about.me,Male,Kachar,58088
66,Cornela,Hassekl,chassekl1t@amazon.co.jp,Female,Kýria,40687
67,Thomasina,Norssister,tnorssister1u@springer.com,Female,Najin,28860
68,Jorie,Cloake,jcloake1v@scribd.com,Female,Polýkastro,31994
69,Roanne,Orehead,rorehead1w@china.com.cn,Female,Bāsht,58405
70,Jacki,Handes,jhandes1x@ocn.ne.jp,Female,Trablice,52218
71,Ricoriki,Metheringham,rmetheringham1y@purevolume.com,Male,Xianan,26415
72,Esma,Need,eneed1z@nba.com,Female,Yangqing,56956
73,Alyse,Fairbrother,afairbrother20@state.gov,Female,El Salitre,44735
74,Monica,Calverd,mcalverd21@theguardian.com,Female,Ra-ngae,50991
75,Cart,Crosfield,ccrosfield22@hatena.ne.jp,Male,Gurgurnica,27272
76,Nelly,Pestor,npestor23@bizjournals.com,Female,Awka,39008
77,Gay,Impson,gimpson24@fc2.com,Male,Sievi,30712
78,Nev,Weavers,nweavers25@dmoz.org,Male,Ōiso,30103
79,Jenna,McIlraith,jmcilraith26@springer.com,Female,Takeshiken,36766
80,Gale,Strongitharm,gstrongitharm27@netvibes.com,Male,Rudky,47906
81,Sunny,Kivelle,skivelle28@oaic.gov.au,Female,Leuweheq,46753
82,Flynn,Fearns,ffearns29@youtu.be,Male,Jielong,43517
83,Querida,Micheu,qmicheu2a@cam.ac.uk,Female,Chuncheon,28721
84,Guilbert,Churly,gchurly2b@tinypic.com,Male,Jinta,52486
85,Lion,Owbridge,lowbridge2c@purevolume.com,Male,Angono,32070
86,Grace,Blueman,gblueman2d@drupal.org,Female,Independencia,48216
87,Terrie,Garside,tgarside2e@oracle.com,Female,Zhuxi,53456
88,Elijah,Pankhurst.,epankhurst2f@lycos.com,Male,Sanjwāl,53973
89,Artemas,Girardetti,agirardetti2g@oaic.gov.au,Male,Shaft,43045
90,Faydra,Ibbetson,fibbetson2h@themeforest.net,Female,Tochigi,34931
91,Blisse,Farrar,bfarrar2i@wired.com,Female,Hongmiao,27455
92,Dorisa,Rylstone,drylstone2j@sciencedirect.com,Female,Bei’an,32090
93,Amandie,Ingles,aingles2k@jimdo.com,Female,Proença-a-Nova,57071
94,Dorine,Konertz,dkonertz2l@reverbnation.com,Female,Beixin,56228
95,Fredia,Noblett,fnoblett2m@istockphoto.com,Female,Crnilište,21483
96,Cordi,Draper,cdraper2n@exblog.jp,Female,Partille,56795
97,Tessi,Beeching,tbeeching2o@usnews.com,Female,Guaranésia,52579
98,Birgit,Gimbart,bgimbart2p@pagesperso-orange.fr,Female,Теарце,32665
99,Anabel,Banghe,abanghe2q@tamu.edu,Female,Archángelos,52620
100,Jill,Palley,jpalley2r@ning.com,Female,Margasana,36129
101,Nevin,Crannell,ncrannell2s@wordpress.com,Male,San Antonio,50980
102,Gisela,Kilbee,gkilbee2t@mashable.com,Female,Mehtar Lām,32236
103,Teddy,Nickolls,tnickolls2u@reverbnation.com,Female,Stord,49195
104,Mildrid,Whittingham,mwhittingham2v@narod.ru,Female,Ribeirão das Neves,47762
105,Bonnie,Dunsmore,bdunsmore2w@howstuffworks.com,Female,Pedinó,23644
106,Tabbie,Clynman,tclynman2x@guardian.co.uk,Male,Luyang,32340
107,Ingra,Luetkemeyers,iluetkemeyers2y@ask.com,Male,Atamanovka,43051
108,Caressa,Onthank,conthank2z@bloomberg.com,Female,Lukrejo,43061
109,Bebe,Cowill,bcowill30@blog.com,Female,Nantes,49500
110,Tabby,Gorham,tgorham31@pcworld.com,Male,Bantaeng,22588
111,Ulrikaumeko,Curner,ucurner32@webmd.com,Female,Sebina,57574
112,Joe,Fearby,jfearby33@rakuten.co.jp,Male,Puno,48387
113,Serene,Kort,skort34@google.co.uk,Female,Nan’an,39757
114,Adorne,Mapletoft,amapletoft35@i2i.jp,Female,Cantaura,27746
115,Noach,Kilminster,nkilminster36@nymag.com,Male,Rozhnyativ,48394
116,Eliot,Mc Ilwrick,emcilwrick37@shop-pro.jp,Male,Petrovsk,50504
117,Kylynn,Trew,ktrew38@altervista.org,Female,Baolin,28321
118,Maria,Rounsivall,mrounsivall39@vimeo.com,Female,Sade,44841
119,Roshelle,Butts,rbutts3a@elegantthemes.com,Female,Karangbaru,42319
120,Mark,Hessing,mhessing3b@godaddy.com,Male,Zhongxing,41436
121,Chandler,Swanton,cswanton3c@mtv.com,Male,Amphoe Sikhiu,55752
122,Elia,Longlands,elonglands3d@chronoengine.com,Male,Gelan,58495
123,Rici,Zanettini,rzanettini3e@printfriendly.com,Female,Sasykoli,26382
124,Sylvester,Norres,snorres3f@trellian.com,Male,Zhongfeng,43312
125,Alexandr,MacAndrew,amacandrew3g@wikipedia.org,Male,Culasian,21652
126,Budd,Heggman,bheggman3h@infoseek.co.jp,Male,Hidalgo,33279
127,Hanson,Hessel,hhessel3i@soup.io,Male,Arroyo Salado,34807
128,Thea,Skinner,tskinner3j@webmd.com,Female,Melchor Ocampo,57976
129,Audy,Ramberg,aramberg3k@howstuffworks.com,Female,Sinegor'ye,39109
130,Koenraad,Meaden,kmeaden3l@youtube.com,Male,Quintã,54288
131,Simone,Hebditch,shebditch3m@ycombinator.com,Female,Gang,57462
132,Suzy,Winspeare,swinspeare3n@economist.com,Female,Hostivice,52146
133,Boote,Pringley,bpringley3o@miibeian.gov.cn,Male,Malabag,27784
134,Silvano,Woof,swoof3p@tripadvisor.com,Male,Yaogu,49374
135,Hulda,Martinolli,hmartinolli3q@ow.ly,Female,Sudimara,38469
136,Cissiee,Craze,ccraze3r@utexas.edu,Female,Varybóbi,53783
137,Claudius,Diem,cdiem3s@reference.com,Male,El Triunfo,57631
138,Vivienne,Siggs,vsiggs3t@washingtonpost.com,Female,El Olivar,44193
139,Babs,Bern,bbern3u@go.com,Female,Nianpan,29914
140,Merridie,Hatt,mhatt3v@g.co,Female,Wringinputih,59469
141,Derrick,Winsbury,dwinsbury3w@home.pl,Male,Monteros,50904
142,Aubrette,Humble,ahumble3x@cbc.ca,Female,Matango,33832
143,Anthea,Torra,atorra3y@ifeng.com,Female,Poříčany,20816
144,Anetta,Jearum,ajearum3z@chronoengine.com,Female,Hrazdan,58495
145,Ker,Ratcliff,kratcliff40@hubpages.com,Male,Firmat,54411
146,Alysa,Brokenbrow,abrokenbrow41@ihg.com,Female,Nakhon Luang,50558
147,Maisey,Gooding,mgooding42@squidoo.com,Female,Olleros,49684
148,Charlie,Reihill,creihill43@mediafire.com,Male,Changping,21929
149,Ari,Hayter,ahayter44@simplemachines.org,Male,Arbais,58616
150,Bert,Tupling,btupling45@hc360.com,Male,Furongqiao,25125
151,Boycey,Belloch,bbelloch46@seesaa.net,Male,Diré,20126
152,Margaret,Crean,mcrean47@nhs.uk,Female,Balite,26177
153,Guillema,Janczewski,gjanczewski48@artisteer.com,Female,Kloangrotat,45536
154,Betsy,Rosenvasser,brosenvasser49@gravatar.com,Female,Huiyi,39813
155,Meredeth,Pothecary,mpothecary4a@ask.com,Male,Tarimbang,49668
156,Petronille,Pavolini,ppavolini4b@goo.gl,Female,Santo Tomé,28883
157,Cullen,Sivier,csivier4c@deliciousdays.com,Male,Lelystad,53488
158,Albertina,Pohls,apohls4d@princeton.edu,Female,Žacléř,41620
159,Angele,Renon,arenon4e@w3.org,Female,Loutráki,47406
160,Zora,Abbis,zabbis4f@bbc.co.uk,Female,Wenshao,32315
161,Floris,Po,fpo4g@bbb.org,Female,Ar Rahad,29999
162,Kip,Rackstraw,krackstraw4h@spotify.com,Female,Oja,50282
163,Hermie,Hankey,hhankey4i@tripadvisor.com,Male,El Pao,43020
164,Brinna,Natt,bnatt4j@youku.com,Female,Jintian,34344
165,Augustin,Delves,adelves4k@sciencedirect.com,Male,Ellinikó,22337
166,Griselda,Harroway,gharroway4l@msn.com,Female,Metu,23317
167,Latrina,Bernolet,lbernolet4m@sohu.com,Female,Maloco,47087
168,Meryl,Brient,mbrient4n@hexun.com,Female,Cabannungan Second,47278
169,Boothe,Eyeington,beyeington4o@trellian.com,Male,Gali,33498
170,Gilburt,Rowney,growney4p@com.com,Male,Hejiayan,26602
171,Ruthy,Stenners,rstenners4q@51.la,Female,Umburarameha,21193
172,Lari,Washbrook,lwashbrook4r@etsy.com,Female,Ticaco,41591
173,Laure,Jenoure,ljenoure4s@home.pl,Female,Kotabunan,55471
174,Chrissie,McCleod,cmccleod4t@infoseek.co.jp,Male,La Molina,40604
175,Marjie,Aubry,maubry4u@amazonaws.com,Female,Karakabak,40356
176,Camey,Malthouse,cmalthouse4v@ning.com,Male,Imeni Babushkina,26966
177,Callean,Sargint,csargint4w@guardian.co.uk,Male,Alajuelita,21172
178,Sammy,Presser,spresser4x@chronoengine.com,Male,Gaide,39978
179,Rufe,Fockes,rfockes4y@walmart.com,Male,Anwen,41235
180,Elly,Wakeley,ewakeley4z@artisteer.com,Female,Niederanven,23432
181,Rhodie,Lillywhite,rlillywhite50@time.com,Female,Pondokaso,42677
182,Roth,Pedrozzi,rpedrozzi51@diigo.com,Male,Kafir Qala,35243
183,Terrijo,Wale,twale52@google.pl,Female,Phichit,28508
184,Bernadene,Warin,bwarin53@canalblog.com,Female,Al Quţayfah,43885
185,Yolanda,Tarbet,ytarbet54@arstechnica.com,Female,El Sauce,33591
186,Bianka,Scougall,bscougall55@taobao.com,Female,Mbanza-Ngungu,30350
187,Latia,Guile,lguile56@ted.com,Female,Wilkowice,26838
188,Sander,Portlock,sportlock57@wikispaces.com,Male,Calçada,36602
189,Letizia,Vicioso,lvicioso58@economist.com,Female,Blažovice,31084
190,Kristal,Filtness,kfiltness59@fda.gov,Female,Fratar,28947
191,Agnese,MacParlan,amacparlan5a@hostgator.com,Female,Al Manzilah,27498
192,Abeu,Featherstonhaugh,afeatherstonhaugh5b@issuu.com,Male,Bromma,29710
193,Coreen,Kevlin,ckevlin5c@sogou.com,Female,Lens,45351
194,Traci,Halligan,thalligan5d@vimeo.com,Female,Pukhavichy,24767
195,Mair,Paulmann,mpaulmann5e@nytimes.com,Female,Xinying,26785
196,Kath,Danielovitch,kdanielovitch5f@oracle.com,Female,Kauhava,54857
197,Hodge,Southerell,hsoutherell5g@pen.io,Male,Três Lagoas,28286
198,Zerk,Infante,zinfante5h@un.org,Male,Huazhou,59790
199,Clarita,Fiddyment,cfiddyment5i@uiuc.edu,Female,Tupaciguara,42166
200,Culver,Stanmer,cstanmer5j@narod.ru,Male,Eldoret,30477
201,Odie,Caton,ocaton5k@mysql.com,Male,Surin,49800
202,Jerrome,Viant,jviant5l@squarespace.com,Male,Kayar,40846
203,Maurizio,Sabathe,msabathe5m@globo.com,Male,Qaxa,38241
204,Pavla,Morten,pmorten5n@alibaba.com,Female,Pende,49454
205,Hersh,Ong,hong5o@businessweek.com,Male,Wuli,21307
206,Bryan,Chishull,bchishull5p@twitter.com,Male,Chiba,52459
207,Myrta,Steynor,msteynor5q@disqus.com,Female,Belle-Anse,30606
208,Darcie,Snead,dsnead5r@artisteer.com,Female,Rimpakgede,45315
209,Hugh,Kix,hkix5s@etsy.com,Male,Shemursha,25126
210,Briny,Clowsley,bclowsley5t@edublogs.org,Female,Katwijk,40064
211,Burr,Korejs,bkorejs5u@icq.com,Male,Itororó,38938
212,Cheston,Whenman,cwhenman5v@rediff.com,Male,Kolbano,38310
213,Siobhan,Bromet,sbromet5w@adobe.com,Female,Pamiers,38184
214,Carmelina,Fawson,cfawson5x@sun.com,Female,København,52885
215,Quinta,Folli,qfolli5y@360.cn,Female,Tarko-Sale,45412
216,Aleksandr,Blesdill,ablesdill5z@artisteer.com,Male,Timiryazevskiy,55875
217,Isobel,Risen,irisen60@admin.ch,Female,Zselickislak,44803
218,Karina,McEnteggart,kmcenteggart61@wix.com,Female,Mieszkowice,31293
219,Alaine,Cordsen,acordsen62@examiner.com,Female,Changyanbao,20011
220,Duffie,Janaud,djanaud63@nature.com,Male,San Mateo,41945
221,Andros,Joinson,ajoinson64@adobe.com,Male,Patalan,43497
222,Elva,Le Pine,elepine65@jigsy.com,Female,Fargo,50695
223,Jase,Marde,jmarde66@wired.com,Male,Ma Đa Gui,32749
224,Alyson,Dedrick,adedrick67@vimeo.com,Female,Leteki,49241
225,Lezlie,Tidbold,ltidbold68@si.edu,Female,Nanshi,30396
226,Martainn,Ernke,mernke69@jigsy.com,Male,Barru,30395
227,Kirby,Taillant,ktaillant6a@statcounter.com,Male,Alpūrai,46467
228,Simon,Durbyn,sdurbyn6b@mozilla.com,Male,Dan Khun Thot,37644
229,Ange,Priestman,apriestman6c@51.la,Male,Canomoy,26334
230,Emmye,Eagleston,eeagleston6d@stumbleupon.com,Female,Peso da Régua,56210
231,Maddy,Davidof,mdavidof6e@about.com,Male,Delok,59896
232,Kimberly,Breitling,kbreitling6f@flavors.me,Female,Quelimane,57534
233,Winna,Smissen,wsmissen6g@sogou.com,Female,Batangan,27090
234,Neron,Fawlo,nfawlo6h@t.co,Male,Chocope,45336
235,Tadeo,Phettis,tphettis6i@themeforest.net,Male,Köpingsvik,34160
236,Syman,Dragon,sdragon6j@washington.edu,Male,Lututów,22775
237,Britt,Runacres,brunacres6k@globo.com,Male,Taza,40688
238,Kristopher,Willisch,kwillisch6l@seesaa.net,Male,Okazaki,46845
239,Morena,Dorow,mdorow6m@usa.gov,Female,Delães,38039
240,Zita,Verrillo,zverrillo6n@mail.ru,Female,Kukuluk,34582
241,Maybelle,MacGuigan,mmacguigan6o@drupal.org,Female,Dodu Dua,58218
242,Natty,Taft,ntaft6p@washington.edu,Male,Dihtyari,46145
243,Randal,Philippson,rphilippson6q@soup.io,Male,La Esperanza,57143
244,Krystle,Rapo,krapo6r@ask.com,Female,Cáchira,41238
245,Lea,Harriman,lharriman6s@squidoo.com,Female,Yinkeng,30715
246,Ferne,Rustich,frustich6t@miitbeian.gov.cn,Female,Xiaoyangqi,32835
247,Alameda,Cheese,acheese6u@blinklist.com,Female,Gomel,48803
248,Tommy,Ivashnyov,tivashnyov6v@addtoany.com,Female,Pasaco,38278
249,Trent,De Santos,tdesantos6w@answers.com,Male,Concepción Tutuapa,39093
250,Birgitta,Drain,bdrain6x@huffingtonpost.com,Female,Napier,26312
251,Sheridan,Guilaem,sguilaem6y@goo.ne.jp,Male,Bo Kluea,37379
252,Sawyer,Akeherst,sakeherst6z@marketwatch.com,Male,Kyonju,48274
253,Ring,Melbury,rmelbury70@toplist.cz,Male,Paccho,23053
254,Hayes,Brownlea,hbrownlea71@google.com.br,Male,Rennes,43406
255,Cherise,Machans,cmachans72@twitter.com,Female,Kaishantun,44906
256,Carrie,Basset,cbasset73@samsung.com,Female,Zuhu,50569
257,Walt,Whiston,wwhiston74@technorati.com,Male,Narita,50655
258,Stevena,McCandless,smccandless75@imdb.com,Female,Guanjiabao,37351
259,Hayley,Lenaghen,hlenaghen76@bizjournals.com,Female,Inhambupe,21361
260,Lisha,Lethlay,llethlay77@cdbaby.com,Female,Larnaca,31758
261,Steffen,Bischop,sbischop78@nifty.com,Male,Ar Ramthā,29041
262,Dex,Danhel,ddanhel79@cpanel.net,Male,Jājarm,27717
263,Maura,Huygen,mhuygen7a@msu.edu,Female,La Paz,56614
264,Benedetta,O'Shevlan,boshevlan7b@bbc.co.uk,Female,Xunhe,51505
265,Hector,Sawtell,hsawtell7c@purevolume.com,Male,Barţa‘ah ash Sharqīyah,29002
266,Averell,Chaloner,achaloner7d@apple.com,Male,Zhamog,26252
267,Marrissa,Ruddock,mruddock7e@tinyurl.com,Female,Mislak,58823
268,Lonny,Michelle,lmichelle7f@de.vu,Male,Ḩuwwārah,50532
269,Madel,Scollick,mscollick7g@shinystat.com,Female,Honolulu,49634
270,Angeli,Kitter,akitter7h@mapquest.com,Male,Abidjan,28530
271,Ximenez,Itzakson,xitzakson7i@tripadvisor.com,Male,Kirzhach,44228
272,Tildy,Hellens,thellens7j@nps.gov,Female,Talugtug,54239
273,Amabelle,Gauch,agauch7k@accuweather.com,Female,Chelles,30173
274,Bartholemy,Calder,bcalder7l@cbsnews.com,Male,Ínfias,27569
275,Ursuline,Fearick,ufearick7m@cpanel.net,Female,Pederneiras,55750
276,Leonhard,Wrigley,lwrigley7n@buzzfeed.com,Male,Purwokerto,26112
277,Sammie,Brezlaw,sbrezlaw7o@theatlantic.com,Male,Abaeté,50888
278,Skell,Kenna,skenna7p@economist.com,Male,Berlin,26689
279,Von,Salthouse,vsalthouse7q@tumblr.com,Male,Toul,59495
280,Ad,Scading,ascading7r@microsoft.com,Male,Ciranca,50958
281,Margaux,Muddicliffe,mmuddicliffe7s@symantec.com,Female,Akankpa,51964
282,Ruby,Barten,rbarten7t@fastcompany.com,Male,San Cristóbal Verapaz,37557
283,Flynn,Gatteridge,fgatteridge7u@deliciousdays.com,Male,Alcoutim,20347
284,Shurwood,Fruchter,sfruchter7v@howstuffworks.com,Male,Atlanta,39506
285,Gerardo,Hylton,ghylton7w@cdbaby.com,Male,Moijabana,36687
286,Gerti,Tolputt,gtolputt7x@blogger.com,Female,Zhongba,49361
287,Katinka,Maymand,kmaymand7y@storify.com,Female,Boshan,40897
288,Malcolm,Barnewelle,mbarnewelle7z@delicious.com,Male,Krasnoarmeysk,30692
289,Baudoin,Pigny,bpigny80@who.int,Male,Shangyu,44538
290,Randolf,Staddom,rstaddom81@bbb.org,Male,Chartres,48562
291,Christoper,Gehrts,cgehrts82@umich.edu,Male,Lüyang,44417
292,Cam,Van Velde,cvanvelde83@addthis.com,Female,Campinas,54695
293,Mari,Cuss,mcuss84@furl.net,Female,Ostashkov,24610
294,Lari,Ablett,lablett85@timesonline.co.uk,Female,Cerinza,28354
295,Goldia,Denisovo,gdenisovo86@paypal.com,Female,Sadek,59131
296,Jerrie,Sheahan,jsheahan87@who.int,Male,Ambatondrazaka,25843
297,Benn,Dainty,bdainty88@intel.com,Male,Brzyska,27903
298,Kirstyn,Battman,kbattman89@xrea.com,Female,High Prairie,41134
299,Gwen,Windaybank,gwindaybank8a@facebook.com,Female,Kola,22471
300,Mattie,Raithbie,mraithbie8b@bluehost.com,Male,Zhangdian,20394
301,Quintin,Putley,qputley8c@smh.com.au,Male,Gołkowice,53808
302,Janeta,Bowhey,jbowhey8d@google.com,Female,Kudang,35911
303,Felizio,Gingold,fgingold8e@php.net,Male,Rogowo,56275
304,Kristoforo,Hansie,khansie8f@sciencedaily.com,Male,Kulary,55190
305,Alwyn,Hawton,ahawton8g@slate.com,Male,Stuttgart,57808
306,Jarvis,Murname,jmurname8h@hud.gov,Male,Gorodishche,35613
307,Dennis,Eckford,deckford8i@usa.gov,Male,Bungursari,46899
308,Britteny,Kanter,bkanter8j@chicagotribune.com,Female,Lagoa,28056
309,Ripley,Wabey,rwabey8k@123-reg.co.uk,Male,Linchen,30368
310,Udall,Anthon,uanthon8l@about.me,Male,Riebiņi,46358
311,Tamas,Fawthrop,tfawthrop8m@tiny.cc,Male,Jinzhuang,37619
312,Delphine,Iacovone,diacovone8n@jiathis.com,Female,Ad Dilam,20830
313,Carla,Ribou,cribou8o@naver.com,Female,Bafoulabé,51772
314,Milty,Dearle,mdearle8p@yahoo.co.jp,Male,Huyang,22542
315,Elene,Bougourd,ebougourd8q@slideshare.net,Female,Gebre Guracha,38652
316,Peggie,Garralts,pgarralts8r@mapy.cz,Female,Loučovice,39919
317,Deirdre,Croker,dcroker8s@zimbio.com,Female,Eišiškės,39475
318,Cecily,Harbage,charbage8t@twitpic.com,Female,Werota,51595
319,Kimbell,Mulvenna,kmulvenna8u@sfgate.com,Male,Ilare,58788
320,Wesley,Sutherley,wsutherley8v@goo.ne.jp,Male,Adirejo,51655
321,Spencer,Beaudry,sbeaudry8w@etsy.com,Male,Mamonit,42936
322,Lacie,Whordley,lwhordley8x@earthlink.net,Female,Zhangdiyingzi,46914
323,Lynnett,Dashwood,ldashwood8y@theglobeandmail.com,Female,Tran,51561
324,Blanch,Gunn,bgunn8z@1688.com,Female,Canghou,51273
325,Gale,Athow,gathow90@vinaora.com,Female,Zengjia,26186
326,Bertrand,Burkin,bburkin91@businessweek.com,Male,Viana,31267
327,Zelig,Safell,zsafell92@hp.com,Male,Kelin,29090
328,Rowney,Hancock,rhancock93@feedburner.com,Male,Hirosaki,21238
329,Dru,Keyzman,dkeyzman94@ibm.com,Female,Changliang,51491
330,Ximenes,Toft,xtoft95@wordpress.com,Male,Shiqiao,59867
331,Jarrid,Crichley,jcrichley96@reverbnation.com,Male,Paris 07,40569
332,Darla,Lukasen,dlukasen97@people.com.cn,Female,Sundsvall,23491
333,Maryanne,Gregore,mgregore98@pcworld.com,Female,Dongshentou,53214
334,Bobette,Ties,bties99@craigslist.org,Female,Wengaingo,47518
335,Jany,Standell,jstandell9a@alibaba.com,Female,Na Wa,55946
336,Felicity,Ivankin,fivankin9b@over-blog.com,Female,Bouaflé,23828
337,Granville,Warboy,gwarboy9c@alibaba.com,Male,Bárrio,50014
338,Britt,Langmead,blangmead9d@indiatimes.com,Male,Bulan,48796
339,Corbet,Bloxland,cbloxland9e@usda.gov,Male,Quípama,35336
340,Marcel,Knowlton,mknowlton9f@trellian.com,Male,Mir,51982
341,Estrella,Prewett,eprewett9g@weebly.com,Female,Bla,56321
342,Lauree,McComish,lmccomish9h@php.net,Female,Dikson,31155
343,Dorey,Ryland,dryland9i@tripadvisor.com,Female,Liulin,53113
344,Jolynn,Ivushkin,jivushkin9j@google.pl,Female,Jarabacoa,35931
345,Franky,Wooler,fwooler9k@youku.com,Female,Khorramābād,28794
346,Seline,Reith,sreith9l@weather.com,Female,Gabao,37902
347,Harlen,Duchart,hduchart9m@canalblog.com,Male,Llanera,53205
348,Franky,Knobell,fknobell9n@deviantart.com,Male,Shazi,43068
349,Robinette,Guwer,rguwer9o@technorati.com,Female,Guankou,42324
350,Frayda,Jeckell,fjeckell9p@youtube.com,Female,Zwedru,50328
351,Darlleen,Shasnan,dshasnan9q@360.cn,Female,Bridgetown,49611
352,Audie,McGinney,amcginney9r@gmpg.org,Female,Nol,29533
353,Chariot,Bes,cbes9s@narod.ru,Male,Yunxi,46733
354,Whittaker,MacGuigan,wmacguigan9t@xing.com,Male,Usogorsk,57759
355,Chaddie,De Luna,cdeluna9u@miitbeian.gov.cn,Male,Krajan,30731
356,Stanfield,Ferrar,sferrar9v@ovh.net,Male,Aduo,54486
357,Rickert,Iston,riston9w@example.com,Male,Anávra,44410
358,Chrisy,Chessor,cchessor9x@webmd.com,Male,Yug,26243
359,Maynord,Spacey,mspacey9y@instagram.com,Male,Kantharalak,25508
360,Lorri,Laffranconi,llaffranconi9z@nhs.uk,Female,Nhà Bàng,55891
361,Owen,Waind,owainda0@slate.com,Male,Kotabaru,32619
362,Marlie,Pomery,mpomerya1@senate.gov,Female,Tafo,29900
363,Sabra,Reyes,sreyesa2@slashdot.org,Female,Refojos,31169
364,Gabe,Meiner,gmeinera3@cam.ac.uk,Male,Solna,56207
365,Annissa,Windous,awindousa4@webnode.com,Female,Belozërskoye,40072
366,Wyatt,Moynihan,wmoynihana5@wordpress.org,Male,Dedenëvo,36118
367,Tremaine,Kitchen,tkitchena6@ovh.net,Male,Lunao,52702
368,Tine,Nares,tnaresa7@google.pl,Female,Woshui,29929
369,Yvon,Berggren,yberggrena8@unblog.fr,Male,Yuqunweng,49215
370,Zsazsa,McAlroy,zmcalroya9@webs.com,Female,Jimenez,38371
371,Tan,Limrick,tlimrickaa@yandex.ru,Male,Perechyn,22939
372,Phillida,Laban,plabanab@arstechnica.com,Female,Jianghu,43746
373,Winnifred,Lampen,wlampenac@admin.ch,Female,Stockholm,59860
374,Cleo,Beuscher,cbeuscherad@google.com.br,Female,Kaniv,43625
375,Cherilyn,Dumberrill,cdumberrillae@newyorker.com,Female,Kawanishi,25291
376,Merrill,Middle,mmiddleaf@comsenz.com,Female,Grekan,51982
377,Ruprecht,Lyster,rlysterag@ftc.gov,Male,Rendian,20214
378,Cecilius,Ridge,cridgeah@tinyurl.com,Male,Dresi Wetan,37294
379,Rozamond,Astbury,rastburyai@rakuten.co.jp,Female,Amagbagan,57624
380,Cecelia,Kemet,ckemetaj@auda.org.au,Female,Dalupaon,49242
381,Fayette,McMillam,fmcmillamak@hud.gov,Female,Cipanggung,24926
382,Blair,Paul,bpaulal@google.cn,Male,Keyinhe,44577
383,Hoyt,Ibbison,hibbisonam@jalbum.net,Male,Tulung,42584
384,Allene,Freiburger,afreiburgeran@gov.uk,Female,Shajing,36737
385,Louisette,MacCome,lmaccomeao@latimes.com,Female,Ubajami,34468
386,Michel,Sherrett,msherrettap@nydailynews.com,Male,Qijiawan,33221
387,Vanna,Sellman,vsellmanaq@i2i.jp,Female,Nobo,52343
388,Gordy,Vallantine,gvallantinear@dion.ne.jp,Male,Cagnes-sur-Mer,20330
389,Arly,Brokenshaw,abrokenshawas@bandcamp.com,Female,Krajan Tanjungrejo,32166
390,Morton,Cambling,mcamblingat@msu.edu,Male,Urbiztondo,28375
391,Nikita,Stallworth,nstallworthau@state.tx.us,Male,Sumqayıt,55679
392,Sebastiano,Huntall,shuntallav@theatlantic.com,Male,Fajã de Cima,37489
393,Haskell,Crick,hcrickaw@cam.ac.uk,Male,Jarinu,47188
394,Paulita,Keener,pkeenerax@cbc.ca,Female,Bradag,31325
395,Reilly,St. Quintin,rstquintinay@tiny.cc,Male,Tianmuhu,26405
396,Daniella,Cabane,dcabaneaz@indiatimes.com,Female,Patea,44960
397,Vidovik,Howat,vhowatb0@xinhuanet.com,Male,Pong,38700
398,Cristine,Doel,cdoelb1@addtoany.com,Female,Maastricht,23149
399,Sayre,Wroath,swroathb2@webnode.com,Male,Tran,24535
400,Diane,Kerbey,dkerbeyb3@sfgate.com,Female,Qiandeng,40590
401,Daryl,Brearley,dbrearleyb4@printfriendly.com,Female,Selikhino,48726
402,Caitrin,Hentze,chentzeb5@vkontakte.ru,Female,Kara Suu,27190
403,Moishe,Mosedall,mmosedallb6@census.gov,Male,Padre Nabeto,21628
404,Simon,Gothard,sgothardb7@cnet.com,Male,Plakhtiyivka,20274
405,Frayda,Shinefield,fshinefieldb8@istockphoto.com,Female,Mirpur Khas,31912
406,Retha,Verbeke,rverbekeb9@google.es,Female,Kālābāgh,35101
407,Ragnar,Stoneley,rstoneleyba@google.ca,Male,Cluses,30245
408,Jeanne,Cowan,jcowanbb@rediff.com,Female,Vilque,30554
409,Teodor,Botley,tbotleybc@chron.com,Male,Kīevka,53891
410,Charissa,Anstis,canstisbd@harvard.edu,Female,Sakaiminato,32176
411,Cleon,Auden,caudenbe@techcrunch.com,Male,Zhanping,33877
412,Radcliffe,Saurin,rsaurinbf@blinklist.com,Male,Peshtera,48770
413,Carlyle,Dinan,cdinanbg@google.es,Male,Zitong,32265
414,Paco,Barritt,pbarrittbh@prlog.org,Male,Xiehu,35558
415,Gabi,Snape,gsnapebi@clickbank.net,Male,Aksakovo,50954
416,Lanni,Krzyzanowski,lkrzyzanowskibj@pagesperso-orange.fr,Female,Takamatsu-shi,23608
417,Dillon,Scoggans,dscoggansbk@foxnews.com,Male,Ndewel,50382
418,Laurent,Neville,lnevillebl@netvibes.com,Male,Alvega,27032
419,Lorraine,Southcott,lsouthcottbm@is.gd,Female,Malinovoye Ozero,48639
420,Brade,Geaveny,bgeavenybn@walmart.com,Male,Wailiang,47009
421,Dimitri,Hazeley,dhazeleybo@ifeng.com,Male,Monteiro,29730
422,Norma,Grunwald,ngrunwaldbp@nhs.uk,Female,Álvares Machado,32188
423,Dalli,Comerford,dcomerfordbq@house.gov,Male,Palanit,45288
424,Anna-maria,Ritmeyer,aritmeyerbr@guardian.co.uk,Female,San Pedro Apartado,47341
425,Trey,Hurry,thurrybs@prweb.com,Male,Vranisht,35102
426,Cookie,Gurnell,cgurnellbt@cbc.ca,Female,Mpanda,27382
427,Suzanna,Tutsell,stutsellbu@yale.edu,Female,Hluboká nad Vltavou,32549
428,Woody,Juszczyk,wjuszczykbv@msn.com,Male,Jabłoń,27006
429,Kristian,Buer,kbuerbw@alexa.com,Male,Zhaixi,43543
430,Fredric,Pinching,fpinchingbx@yelp.com,Male,Gines-Patay,56038
431,Humbert,Breache,hbreacheby@dailymotion.com,Male,Los Palacios,25882
432,Robinetta,Claire,rclairebz@ted.com,Female,Suan Luang,58789
433,Annie,Westcot,awestcotc0@dell.com,Female,Novo Cruzeiro,58406
434,Burg,Laurenzi,blaurenzic1@house.gov,Male,Touying,21152
435,Marrissa,Huster,mhusterc2@netvibes.com,Female,Maojiagang,29529
436,Thurston,Catterell,tcatterellc3@ucsd.edu,Male,Nouna,41818
437,Renault,Battey,rbatteyc4@un.org,Male,Ipoh,30665
438,Joane,Starten,jstartenc5@netvibes.com,Female,Dvurechensk,22080
439,Shanon,Giacopini,sgiacopinic6@ftc.gov,Female,Sobotka,46729
440,Blythe,Pace,bpacec7@arstechnica.com,Female,Vitrolles,50429
441,Morgen,Ellershaw,mellershawc8@microsoft.com,Male,Hidalgo,37916
442,Ebba,McKerrow,emckerrowc9@auda.org.au,Female,Kilifi,32696
443,Elvina,Issacson,eissacsonca@blogger.com,Female,Sydney,42260
444,Delmar,Getty,dgettycb@tuttocitta.it,Male,San Jose del Monte,34026
445,Aimil,Muggach,amuggachcc@sciencedirect.com,Female,Kuala Lumpur,51760
446,Moira,Laverick,mlaverickcd@youku.com,Female,Dahay,48590
447,Roley,Marriage,rmarriagece@g.co,Male,Stari Banovci,55924
448,Jacob,Orrick,jorrickcf@craigslist.org,Male,Chocianów,32349
449,Waiter,Vaisey,wvaiseycg@accuweather.com,Male,Diên Khánh,34348
450,Minne,Bernucci,mbernuccich@ibm.com,Female,Fleury-les-Aubrais,50781
451,Layton,Thomazin,lthomazinci@elegantthemes.com,Male,Yilan,58696
452,Nanette,Spiller,nspillercj@behance.net,Female,Inriville,35786
453,Merrill,Fowlds,mfowldsck@parallels.com,Female,Nangka,27823
454,Becki,Theze,bthezecl@google.es,Female,Tapada das Mercês,37931
455,Antonin,Stoodley,astoodleycm@cargocollective.com,Male,Thaon-les-Vosges,47924
456,Avery,Barnewall,abarnewallcn@ycombinator.com,Male,Lewolang,34471
457,Kinny,Johnston,kjohnstonco@google.pl,Male,Gapluk,36361
458,Franklin,Sandcroft,fsandcroftcp@opera.com,Male,Sinop,28612
459,Theodore,Ongin,tongincq@google.com,Male,Xianghe,45942
460,Nickolas,Bowditch,nbowditchcr@gizmodo.com,Male,Qiawan,52239
461,Hugues,Danigel,hdanigelcs@ucoz.com,Male,Bieto,43992
462,Jilly,Bury,jburyct@smh.com.au,Female,Xinmin,24175
463,Gaston,Tinker,gtinkercu@taobao.com,Male,Harstad,43868
464,Dreddy,Tribe,dtribecv@jiathis.com,Female,Santo Tomas,50758
465,Correy,Sperling,csperlingcw@redcross.org,Male,Ribeirão Pires,43682
466,Nance,Rozanski,nrozanskicx@delicious.com,Female,Detroit,54365
467,Bank,Klamman,bklammancy@walmart.com,Male,Mengjia,25412
468,Elana,Wiffen,ewiffencz@mit.edu,Female,Trondheim,50656
469,Bogey,Skeels,bskeelsd0@usgs.gov,Male,Xiangrong,46380
470,Corry,Iwaszkiewicz,ciwaszkiewiczd1@netscape.com,Female,Kwekwe,23876
471,Oralie,Rutledge,orutledged2@surveymonkey.com,Female,Pasrukrajan Satu,36384
472,Aviva,Howieson,ahowiesond3@angelfire.com,Female,Firminy,51161
473,Nathan,Leason,nleasond4@miibeian.gov.cn,Male,Xomong,40811
474,Cheslie,Furmedge,cfurmedged5@cnbc.com,Female,Hønefoss,33798
475,Myer,Stampe,mstamped6@vimeo.com,Male,Wa,41449
476,Maegan,Reimers,mreimersd7@wikimedia.org,Female,Garango,20927
477,Dorthy,Bellino,dbellinod8@devhub.com,Female,Rezé,22350
478,Nessi,Beadel,nbeadeld9@yahoo.co.jp,Female,Czernikowo,38745
479,Lanni,Gounin,lgouninda@archive.org,Female,Mons,25975
480,Cecilio,Ingliby,cinglibydb@wp.com,Male,Xiaoshi,38438
481,Kamilah,Hallbord,khallborddc@issuu.com,Female,Puerto Deseado,30443
482,Luther,De Cristofalo,ldecristofalodd@purevolume.com,Male,Alor Setar,34404
483,Wenda,Benmore,wbenmorede@canalblog.com,Female,Zhuxi,47240
484,Laughton,Haccleton,lhaccletondf@cocolog-nifty.com,Male,Vođinci,29168
485,Jordain,Samsworth,jsamsworthdg@webnode.com,Female,Göteborg,35401
486,Beitris,Cohane,bcohanedh@tmall.com,Female,Omutninsk,38028
487,Taylor,Burchnall,tburchnalldi@techcrunch.com,Male,Muaratiga,46777
488,Ericha,Fossord,efossorddj@nhs.uk,Female,Kuczbork-Osada,35397
489,Marisa,Beverley,mbeverleydk@cnbc.com,Female,Řečany nad Labem,39586
490,Pattie,Camock,pcamockdl@rediff.com,Male,Arshaluys,23314
491,Ellary,Tyreman,etyremandm@nasa.gov,Male,Washington,28663
492,Mohammed,Packham,mpackhamdn@ebay.com,Male,Chipinge,26810
493,Artur,Fludgate,afludgatedo@engadget.com,Male,Pittsburgh,30992
494,Ruthy,Haggarth,rhaggarthdp@typepad.com,Female,Ribeirão Preto,55665
495,Wandie,MacSkeaghan,wmacskeaghandq@wsj.com,Female,Malinaw,20224
496,Corella,Mathou,cmathoudr@bluehost.com,Female,Sidomulyo,49000
497,Paolina,Pero,pperods@wsj.com,Female,Halayhay,27543
498,Jeannette,Siegertsz,jsiegertszdt@huffingtonpost.com,Female,Knurów,22069
499,Juditha,Pepperill,jpepperilldu@usa.gov,Female,Colima,53893
500,Valaria,Crowth,vcrowthdv@aol.com,Female,Chuangwang,30249
501,Tobe,Harkins,tharkinsdw@netlog.com,Female,Rancabelut,34811
502,Vivienne,Kirsch,vkirschdx@jimdo.com,Female,Paris 19,51994
503,Kitti,Morsey,kmorseydy@bigcartel.com,Female,Lypova Dolyna,22250
504,Marsh,Wozencraft,mwozencraftdz@godaddy.com,Male,Goim,30817
505,Judi,Aizlewood,jaizlewoode0@icq.com,Female,Darvi,46248
506,Lem,Rainville,lrainvillee1@marketwatch.com,Male,Aibura,32852
507,Brit,Philipard,bphiliparde2@t.co,Female,Baixo Guandu,46705
508,Boy,Pallant,bpallante3@vinaora.com,Male,Boise,51604
509,Lief,Tolerton,ltolertone4@whitehouse.gov,Male,Messina,52179
510,Lainey,Boler,lbolere5@w3.org,Female,Richmond,26247
511,Chauncey,Biaggioli,cbiaggiolie6@virginia.edu,Male,Hebian,52859
512,Zelma,Feyer,zfeyere7@mail.ru,Female,Bemposta,27495
513,Susanne,Jenkyn,sjenkyne8@wikimedia.org,Female,Kishk-e Nakhūd,45882
514,Drucie,Nassie,dnassiee9@nih.gov,Female,Rešetari,24014
515,Alick,Oblein,aobleinea@friendfeed.com,Male,Akráta,46960
516,Kim,Marden,kmardeneb@reuters.com,Female,Vyritsa,27944
517,Orren,Glede,ogledeec@jugem.jp,Male,Zelenogorsk,38089
518,Peg,Goldberg,pgoldberged@ask.com,Female,Yufrus,56693
519,Brocky,Prestage,bprestageee@forbes.com,Male,Solnechnyy,27657
520,Elvera,Surmon,esurmonef@trellian.com,Female,Aţ Ţafīlah,24817
521,Rand,Corse,rcorseeg@miibeian.gov.cn,Male,Sebba,20510
522,Kiley,Kensall,kkensalleh@mediafire.com,Female,A’yi Take,53234
523,Yetta,Powley,ypowleyei@wired.com,Female,Reims,31881
524,Nap,Trees,ntreesej@photobucket.com,Male,Umbanyar,41210
525,Merell,Scampion,mscampionek@imgur.com,Male,Arcoverde,44928
526,Joyce,Hargie,jhargieel@comsenz.com,Female,Casalinho,51711
527,Roderick,Taylour,rtaylourem@adobe.com,Male,Ciilat,57852
528,Ninnetta,Heliar,nheliaren@nsw.gov.au,Female,Xinan,33618
529,Amalea,Locard,alocardeo@sciencedirect.com,Female,Guayabetal,28639
530,Karlis,Kittel,kkittelep@sitemeter.com,Male,Hengzhou,53663
531,Cris,Powton,cpowtoneq@digg.com,Female,Kalandagan,32883
532,Vidovik,Sciacovelli,vsciacovellier@princeton.edu,Male,Dagang,28661
533,Dee dee,Glasscock,dglasscockes@creativecommons.org,Female,Wang Sam Mo,51993
534,Sallie,McKie,smckieet@ucoz.ru,Female,Sokol’niki,56472
535,Shepard,Whales,swhaleseu@dion.ne.jp,Male,Abuja,37564
536,Glynn,Prisk,gpriskev@bizjournals.com,Male,Pingfeng,36715
537,Oswald,Cowpland,ocowplandew@paginegialle.it,Male,Bolhos,36819
538,Erick,Samwaye,esamwayeex@wikimedia.org,Male,Ibagué,41679
539,Oliver,Monteaux,omonteauxey@telegraph.co.uk,Male,San Juan de los Morros,41206
540,Oby,Mattedi,omattediez@mlb.com,Male,Fenshui,54229
541,Hyacinth,Bielefeld,hbielefeldf0@bloomberg.com,Female,Jīt,56876
542,Marissa,Nabarro,mnabarrof1@cbc.ca,Female,Yakymivka,55547
543,Kathlin,Port,kportf2@yandex.ru,Female,Chongwen,47358
544,Kellyann,St. Paul,kstpaulf3@ibm.com,Female,Ingersoll,39816
545,Glyn,Cudmore,gcudmoref4@oaic.gov.au,Female,Phutthaisong,32989
546,Bennie,Kennally,bkennallyf5@washingtonpost.com,Female,Pogórze,27719
547,Jerrie,Chasemoore,jchasemooref6@cnn.com,Female,Viana,38055
548,Ellene,Berthot,eberthotf7@ycombinator.com,Female,Bylym,37264
549,Benny,Gavaghan,bgavaghanf8@dion.ne.jp,Male,Ribnica na Pohorju,30116
550,Skipper,Maggiore,smaggioref9@ebay.co.uk,Male,Nong Bua Daeng,43321
551,Aindrea,Keling,akelingfa@sakura.ne.jp,Female,San Felipe,51044
552,Haskell,Phlippi,hphlippifb@wikimedia.org,Male,Maunggora,29143
553,Haze,Goldsbrough,hgoldsbroughfc@go.com,Male,Sinarwangi,26588
554,Creigh,Santen,csantenfd@answers.com,Male,Xike,30452
555,Lorine,Lawrenz,llawrenzfe@intel.com,Female,Obninsk,49115
556,Karlotte,Cloughton,kcloughtonff@amazon.co.jp,Female,Khānaqāh,45314
557,Mayer,Jakab,mjakabfg@yolasite.com,Male,San Mateo,21747
558,Arni,Pile,apilefh@jigsy.com,Male,London,46195
559,Clemence,Hallstone,challstonefi@upenn.edu,Female,Santo Isidro,29809
560,Virgil,Sinclair,vsinclairfj@oaic.gov.au,Male,Waekolong,49697
561,Sallyann,Scathard,sscathardfk@purevolume.com,Female,Xia’ertai,36245
562,Bartholomew,Cozins,bcozinsfl@about.me,Male,Jipijapa,42974
563,Court,Ausello,causellofm@google.com,Male,Itabaianinha,52533
564,Aylmar,Jannaway,ajannawayfn@cnbc.com,Male,Seaton,50635
565,Dorrie,Lambol,dlambolfo@unc.edu,Female,Bác Ái,49684
566,Alis,Braund,abraundfp@nationalgeographic.com,Female,Daegu,45317
567,Isiahi,Quade,iquadefq@angelfire.com,Male,Quxia,28951
568,Sandy,Gilmore,sgilmorefr@lycos.com,Male,Wanjia,59572
569,Solly,Mantrup,smantrupfs@huffingtonpost.com,Male,Aguiar da Beira,24522
570,Grayce,Cordle,gcordleft@shutterfly.com,Female,Calheta de Nesquim,33484
571,Adelaida,Pursglove,apursglovefu@hp.com,Female,Carmelo,22142
572,Papagena,Mariel,pmarielfv@cmu.edu,Female,Graksop,36936
573,Cherin,Heinzler,cheinzlerfw@umich.edu,Female,Bayan Ewenke Minzu,33828
574,Scot,McEnery,smceneryfx@intel.com,Male,Göteborg,51117
575,Jemmie,MacKerley,jmackerleyfy@xinhuanet.com,Female,Wuppertal,33154
576,Duffy,Fauguel,dfauguelfz@diigo.com,Male,Cofimvaba,29773
577,Cher,Burridge,cburridgeg0@stumbleupon.com,Female,La Jagua de Ibirico,48223
578,Bear,Ewbach,bewbachg1@slashdot.org,Male,Mosteirô,34146
579,Hyacinthie,Biasotti,hbiasottig2@wsj.com,Female,Boissy-Saint-Léger,25842
580,Maddy,Winchcum,mwinchcumg3@t.co,Male,Sagana,33959
581,Friedrich,Quartermaine,fquartermaineg4@weibo.com,Male,San Francisco,49535
582,Agace,Bore,aboreg5@ustream.tv,Female,Santiago del Torno,43125
583,Colman,Manketell,cmanketellg6@umich.edu,Male,Goundi,44632
584,Chariot,Dwerryhouse,cdwerryhouseg7@paypal.com,Male,Nayak,33381
585,Wye,Cordell,wcordellg8@ovh.net,Male,Ciechocin,24647
586,Anna-diane,Prettjohn,aprettjohng9@ftc.gov,Female,Masape,33230
587,Sonny,Duetsche,sduetschega@hatena.ne.jp,Female,Gaozhou,46003
588,Hana,Grangier,hgrangiergb@phpbb.com,Female,Aurora,49067
589,Shandee,Fluck,sfluckgc@diigo.com,Female,Half Way Tree,55317
590,Renault,Mullins,rmullinsgd@ning.com,Male,Saint-Étienne,59571
591,Sandor,Jenno,sjennoge@bbb.org,Male,Rio Preto da Eva,37058
592,Petrina,Crate,pcrategf@kickstarter.com,Female,Moguqi,31180
593,Marcile,Deeble,mdeeblegg@comsenz.com,Female,Taiyang,23672
594,Georgette,O'Nions,gonionsgh@digg.com,Female,Olivia,35568
595,Bancroft,Gunthorpe,bgunthorpegi@blog.com,Male,Magallanes,27818
596,Sheela,Arney,sarneygj@dell.com,Female,Lakki Marwat,38006
597,Johnath,Greenall,jgreenallgk@china.com.cn,Female,Kanluran,20076
598,Margarita,Lanfranchi,mlanfranchigl@shinystat.com,Female,Ucluelet,37979
599,Vale,Dummer,vdummergm@facebook.com,Male,Honghualiangzi,59216
600,Nata,Mocher,nmochergn@adobe.com,Female,Bagrāmī,51338
601,Nancy,Liddicoat,nliddicoatgo@boston.com,Female,Nikol’skoye,35935
602,Myrilla,Sworne,mswornegp@blog.com,Female,Dawa-Dawa,53360
603,Louis,Bovaird,lbovairdgq@slashdot.org,Male,Kaz,22630
604,Eleanore,Gritsaev,egritsaevgr@digg.com,Female,Esperalvillo,54916
605,Cullen,Cheesworth,ccheesworthgs@storify.com,Male,Bollnäs,34399
606,Umberto,Gajownik,ugajownikgt@devhub.com,Male,Petit Raffray,26364
607,Darla,Marriner,dmarrinergu@ftc.gov,Female,Al ‘Āqir,38889
608,Val,Pahlsson,vpahlssongv@webs.com,Female,Seka,46873
609,Sid,Gravett,sgravettgw@stanford.edu,Male,Oni,43772
610,Norri,Parminter,nparmintergx@amazon.co.jp,Female,Skellefteå,49843
611,Clarita,Vivash,cvivashgy@techcrunch.com,Female,Bondo,46752
612,Dacie,McKevany,dmckevanygz@theguardian.com,Female,Cibatu,58741
613,Hestia,Knagges,hknaggesh0@elegantthemes.com,Female,Žrnovo,38716
614,Michaela,Francey,mfranceyh1@theguardian.com,Female,Chiba,41081
615,Pattin,De Minico,pdeminicoh2@sun.com,Male,Tyukalinsk,53926
616,Rodge,Skelding,rskeldingh3@hc360.com,Male,Dateng,56295
617,Juli,Gibbins,jgibbinsh4@nsw.gov.au,Female,Mulandoro,50272
618,Jude,Runham,jrunhamh5@cafepress.com,Male,Pojok,29779
619,Catarina,Leinweber,cleinweberh6@cnet.com,Female,Meixi,27552
620,Tomas,Renfree,trenfreeh7@cyberchimps.com,Male,Sukamaju,49594
621,Drusie,Liger,dligerh8@devhub.com,Female,Janakpur,31707
622,Desmund,Dominichetti,ddominichettih9@drupal.org,Male,Al Mughayyir,58871
623,Wendye,Clapison,wclapisonha@wunderground.com,Female,Nanhai,38462
624,Robinia,Learmont,rlearmonthb@123-reg.co.uk,Female,Baní,50234
625,Catharina,Abramov,cabramovhc@comsenz.com,Female,Mbandjok,22317
626,Valida,Fetters,vfettershd@loc.gov,Female,Paris 08,27594
627,Samaria,Luigi,sluigihe@about.me,Female,Oliveiras,37383
628,Nan,Faircliffe,nfaircliffehf@yolasite.com,Female,Tha Muang,42356
629,Drake,Hayto,dhaytohg@google.com.br,Male,Avranches,51157
630,Kelcie,Nicklinson,knicklinsonhh@army.mil,Female,El Pino,21170
631,Jillayne,Course,jcoursehi@amazon.co.jp,Female,Shimen,49450
632,Guthry,McKerron,gmckerronhj@pen.io,Male,Batulayang,43855
633,Beniamino,Coupland,bcouplandhk@canalblog.com,Male,Storuman,39822
634,Foss,Schimonek,fschimonekhl@topsy.com,Male,Ilhabela,46790
635,Chrysa,Rawsthorne,crawsthornehm@examiner.com,Female,Jintang,33794
636,Gaylord,Bethune,gbethunehn@cnbc.com,Male,Lucerna,34187
637,Kelley,Mourant,kmourantho@dell.com,Male,Sishui,22013
638,Parry,Sturton,psturtonhp@histats.com,Male,Chipata,40636
639,Keene,Mellmoth,kmellmothhq@youtu.be,Male,Jiusi,44687
640,Chrystal,Issitt,cissitthr@typepad.com,Female,Ludu,46207
641,Glenn,Conkay,gconkayhs@1688.com,Female,Uppsala,24309
642,Bettina,Corro,bcorroht@virginia.edu,Female,Phra Phutthabat,51319
643,Salomone,Shergill,sshergillhu@ebay.co.uk,Male,Darya Boyi,20176
644,Jayne,Tourner,jtournerhv@google.co.uk,Female,Longnawang,46626
645,Patrice,Blodgetts,pblodgettshw@foxnews.com,Male,Varnsdorf,23768
646,Pansy,Blanque,pblanquehx@moonfruit.com,Female,San Francisco,25311
647,Reagen,Macguire,rmacguirehy@bizjournals.com,Male,Sucre,47061
648,Sigfried,Hallwell,shallwellhz@webeden.co.uk,Male,Gafargaon,26686
649,Fitz,Gauvain,fgauvaini0@oakley.com,Male,Mladá Boleslav,38597
650,Kenna,Laytham,klaythami1@wordpress.org,Female,Shaogongzhuang,40632
651,Roosevelt,Cheater,rcheateri2@webnode.com,Male,Zhudian,41108
652,Diana,Thick,dthicki3@addthis.com,Female,Changxingbao,40833
653,Natalee,Vela,nvelai4@seattletimes.com,Female,Marigot,42817
654,Pedro,Meneux,pmeneuxi5@arstechnica.com,Male,Danxi,21081
655,Lynnelle,Le Clercq,lleclercqi6@time.com,Female,Qingkenpao,23486
656,Kristina,Bloom,kbloomi7@desdev.cn,Female,Uacon,29534
657,Bennie,Riddeough,briddeoughi8@pcworld.com,Male,Gelatik,59444
658,Kelsy,Rosenfarb,krosenfarbi9@usda.gov,Female,Qiaole,44904
659,Pietra,Tirrell,ptirrellia@spotify.com,Female,Dabu,31814
660,Galven,Craddock,gcraddockib@fotki.com,Male,Vila Boa do Bispo,38598
661,Cammy,Petters,cpettersic@feedburner.com,Male,Nanshan,43274
662,Land,Antoniottii,lantoniottiiid@blog.com,Male,Bharatpur,54543
663,Heywood,Euesden,heuesdenie@list-manage.com,Male,Tullamore,34137
664,Artie,Jerson,ajersonif@wikipedia.org,Male,Minsk,54069
665,Garrard,Pockett,gpockettig@dropbox.com,Male,Dembéni,23354
666,Cinderella,Waple,cwapleih@nsw.gov.au,Female,Inčukalns,35716
667,Sharlene,Pflieger,spfliegerii@scribd.com,Female,Belverde,49415
668,Suzette,Yendall,syendallij@instagram.com,Female,Montceau-les-Mines,49040
669,Seumas,Edwardes,sedwardesik@buzzfeed.com,Male,Solna,22613
670,Elli,Streader,estreaderil@bandcamp.com,Female,Maulavi Bāzār,24897
671,Glen,Fulham,gfulhamim@businessinsider.com,Male,Shahr-e Qods,24089
672,Terri-jo,Thomerson,tthomersonin@typepad.com,Female,Siteki,51769
673,Korey,Prin,kprinio@nbcnews.com,Male,Criciúma,48977
674,Jameson,Madle,jmadleip@feedburner.com,Male,Rodniki,44150
675,Abbie,Vel,aveliq@zdnet.com,Female,Mungkin,21712
676,Austina,Churchlow,achurchlowir@marketwatch.com,Female,Xijia,31709
677,Massimo,Wanell,mwanellis@eventbrite.com,Male,Xi’an,20534
678,Milzie,Gladman,mgladmanit@livejournal.com,Female,Changmao,20609
679,Hestia,Sommerly,hsommerlyiu@dropbox.com,Female,Verd,46515
680,Sayre,Kira,skiraiv@admin.ch,Male,Sannois,20629
681,Agnes,Molian,amolianiw@japanpost.jp,Female,Jorochito,57257
682,Alla,Tillerton,atillertonix@reverbnation.com,Female,Anambongan,58765
683,Carline,Gisbourn,cgisbourniy@statcounter.com,Female,Tanggung,59153
684,Dottie,Laugheran,dlaugheraniz@prlog.org,Female,Replot,40049
685,Carson,Baudic,cbaudicj0@phpbb.com,Male,Atawutung,32252
686,Darwin,McOmish,dmcomishj1@merriam-webster.com,Male,Yuqi,37820
687,Alia,Pladen,apladenj2@ted.com,Female,El Carmen,38739
688,Christophorus,Oxtarby,coxtarbyj3@t-online.de,Male,Wołczyn,43869
689,Cello,Cotton,ccottonj4@ning.com,Male,Pacanga,50234
690,Wini,Camier,wcamierj5@seesaa.net,Female,Blangkejeren,28984
691,Wat,Crocken,wcrockenj6@pen.io,Male,Zlatni Pyasatsi,22840
692,Vinni,Picken,vpickenj7@dot.gov,Female,Mölndal,23944
693,Brent,Edelheid,bedelheidj8@webeden.co.uk,Male,Mimbaan Timur,41200
694,Carly,Dighton,cdightonj9@home.pl,Female,San Pedro Jocopilas,46284
695,Wallie,Dudson,wdudsonja@umn.edu,Female,Dobřany,25905
696,Teri,Cammidge,tcammidgejb@zdnet.com,Female,Kirove,43925
697,Nelly,O'Cannon,nocannonjc@smugmug.com,Female,Made,55205
698,Tabb,Tackley,ttackleyjd@diigo.com,Male,Dŭstí,55857
699,Francine,Fencott,ffencottje@dailymail.co.uk,Female,San Jose,25567
700,Thorsten,MacMarcuis,tmacmarcuisjf@examiner.com,Male,Rosario de Mora,49960
701,Nanny,Eddies,neddiesjg@house.gov,Female,Las Yaras,57010
702,Amanda,Hindmoor,ahindmoorjh@washington.edu,Female,Ágios Spyrídon,42603
703,Aurelea,Scurman,ascurmanji@unc.edu,Female,Karlstad,46108
704,Coraline,Roddie,croddiejj@unicef.org,Female,Labog,40393
705,Patsy,Rowlin,prowlinjk@msu.edu,Male,Tran,24594
706,Becka,Napton,bnaptonjl@arstechnica.com,Female,Nu’erbage,54861
707,Carlyn,Huitson,chuitsonjm@soup.io,Female,Lubin,42582
708,Conrado,Camlin,ccamlinjn@irs.gov,Male,Castleblayney,29481
709,Earl,Lidgett,elidgettjo@google.fr,Male,Shendang,46839
710,Rafaelita,Joel,rjoeljp@utexas.edu,Female,Sumberan,25596
711,Hilly,Gabbitis,hgabbitisjq@behance.net,Male,Sundsvall,34319
712,Warden,Matheson,wmathesonjr@wix.com,Male,Aţ Ţawīlah,51984
713,Eimile,Danilin,edanilinjs@storify.com,Female,Shahumyan,53097
714,Doria,Bidgood,dbidgoodjt@pinterest.com,Female,Klisura,41158
715,Cami,Adney,cadneyju@amazonaws.com,Female,Jianmin,23871
716,Elmo,Rocco,eroccojv@delicious.com,Male,Bollène,27856
717,Vivian,Tebbet,vtebbetjw@house.gov,Female,Shreveport,45042
718,Jackqueline,Nellis,jnellisjx@nps.gov,Female,Rio Real,26132
719,Ramsay,Scurrey,rscurreyjy@webmd.com,Male,Matsena,40232
720,Pierson,Seery,pseeryjz@exblog.jp,Male,Sukmoilang,53316
721,Yorke,Ketts,ykettsk0@time.com,Male,Thika,29940
722,Jenna,Oluwatoyin,joluwatoyink1@microsoft.com,Female,Golub-Dobrzyń,29676
723,Jonell,Mostyn,jmostynk2@nifty.com,Female,Polel Diaoubé,57141
724,Randy,Acreman,racremank3@dion.ne.jp,Female,Chancay,31142
725,Eustacia,Yarnell,eyarnellk4@soup.io,Female,Brumado,52494
726,Ernest,Moon,emoonk5@wikispaces.com,Male,Sempu,26064
727,Poul,Radmore,pradmorek6@cnet.com,Male,Ankazoabo,28011
728,Edythe,Peschet,epeschetk7@sbwire.com,Female,Nyazura,27489
729,Herculie,Moodie,hmoodiek8@paypal.com,Male,Cidade Velha,40796
730,Marlow,Sandeland,msandelandk9@bluehost.com,Male,Wintzenheim,47476
731,Barnard,Schuricht,bschurichtka@mit.edu,Male,Vila Nova de Santo André,47445
732,Friedrick,Streater,fstreaterkb@friendfeed.com,Male,Donghe,53092
733,Evered,Farress,efarresskc@nasa.gov,Male,Sevan,38128
734,Gunter,Sommersett,gsommersettkd@1und1.de,Male,Tanniu,55827
735,Germain,Coppock.,gcoppockke@wix.com,Male,Przewóz,31931
736,Felike,Mitchelmore,fmitchelmorekf@wired.com,Male,Liqizhuang,24179
737,Jermain,Asche,jaschekg@intel.com,Male,Rio Grande da Serra,43767
738,Adara,Mateja,amatejakh@biblegateway.com,Female,Greenland,35678
739,Chauncey,Chew,cchewki@cyberchimps.com,Male,Mórrope,36664
740,Trey,Trouel,ttrouelkj@ehow.com,Male,Zahlé,59143
741,Karin,Foort,kfoortkk@businesswire.com,Female,Lianyuan,54570
742,Ethyl,Dyka,edykakl@qq.com,Female,Dawuhan,26068
743,Jeniffer,Nassi,jnassikm@nhs.uk,Female,Solidaridad,54974
744,Florian,Masson,fmassonkn@live.com,Male,Longping,22152
745,Dicky,Gadsdon,dgadsdonko@linkedin.com,Male,Bandungsari,46003
746,Clerissa,Carrol,ccarrolkp@vinaora.com,Female,Nganane,41221
747,Queenie,MacAlister,qmacalisterkq@skype.com,Female,Grabica,25470
748,Worthy,Mound,wmoundkr@hibu.com,Male,Naples,47498
749,Shelby,Basire,sbasireks@youtu.be,Female,Dzüünharaa,29963
750,Grayce,Lope,glopekt@uiuc.edu,Female,Bandar-e Ganāveh,35510
751,Juieta,Mingaye,jmingayeku@ameblo.jp,Female,Seoam,31751
752,Bordy,Hessing,bhessingkv@ucoz.com,Male,Issenye,32018
753,Hetti,McCaskill,hmccaskillkw@scientificamerican.com,Female,Punta Arenas,52830
754,Vince,Coveney,vcoveneykx@wisc.edu,Male,Staryy Urukh,26857
755,Rolland,Esland,reslandky@businessinsider.com,Male,Sumbergayam,51604
756,Sergei,Demeza,sdemezakz@surveymonkey.com,Male,Malusac,20781
757,Dyann,Garm,dgarml0@state.tx.us,Female,Shadui,51707
758,Nerita,Samways,nsamwaysl1@hao123.com,Female,Vila Franca das Naves,57966
759,Paton,Style,pstylel2@tiny.cc,Male,Jinshanwei,47341
760,Bradley,Cecchetelli,bcecchetellil3@posterous.com,Male,Pigí,56849
761,Bibi,Kochel,bkochell4@deviantart.com,Female,Nazaré da Mata,55604
762,Darby,Comazzo,dcomazzol5@creativecommons.org,Male,Edgeworthstown,53135
763,Linus,Putt,lputtl6@ca.gov,Male,Yangba,20930
764,Osbourn,Roisen,oroisenl7@google.com.au,Male,Dadukou,33442
765,Dominga,Camolli,dcamollil8@fc2.com,Female,Thị Trấn Quan Hóa,41672
766,Stewart,Barnett,sbarnettl9@prnewswire.com,Male,Örebro,24438
767,Donnell,Fitzharris,dfitzharrisla@a8.net,Male,Paraguaçu Paulista,36069
768,Waldo,Mathen,wmathenlb@unesco.org,Male,La Dorada,22440
769,Cindee,Fosbraey,cfosbraeylc@e-recht24.de,Female,Hexi,55718
770,Vincent,Gorling,vgorlingld@sohu.com,Male,Sanjiao,50358
771,Gabi,Janas,gjanasle@usatoday.com,Female,Firavitoba,59521
772,Sherri,Pettifor,spettiforlf@gnu.org,Female,Berbérati,20294
773,Jessey,Meaddowcroft,jmeaddowcroftlg@icq.com,Male,Köping,40577
774,Maddy,Barca,mbarcalh@oakley.com,Female,Stockholm,33311
775,Viole,Imeson,vimesonli@cargocollective.com,Female,Katur,44749
776,Bev,Giacobini,bgiacobinilj@cpanel.net,Male,Pimian,46807
777,Dukie,Baton,dbatonlk@admin.ch,Male,Protvino,57466
778,Boot,Gourdon,bgourdonll@redcross.org,Male,Itsukaichi,32811
779,Hermann,Bumfrey,hbumfreylm@bandcamp.com,Male,Hacıqabul,42301
780,Lacie,Sweetman,lsweetmanln@latimes.com,Female,Dongxiang,51939
781,Theo,Beetham,tbeethamlo@ucla.edu,Female,Rawaapu,36002
782,Robert,Castagnaro,rcastagnarolp@1und1.de,Male,Uitenhage,22268
783,Mile,Crimp,mcrimplq@networksolutions.com,Male,Jiefangyan,49935
784,Herman,Ault,haultlr@naver.com,Male,Salerno,41224
785,Sidnee,MacKniely,smacknielyls@bizjournals.com,Male,Kidangbang,41164
786,Hogan,Aberdalgy,haberdalgylt@yandex.ru,Male,Calimete,25886
787,Jocko,Dogg,jdogglu@washington.edu,Male,Kezilei,20177
788,Jarrett,Ramard,jramardlv@cocolog-nifty.com,Male,Aygeshat,58160
789,Torr,Stooke,tstookelw@salon.com,Male,Liangdong,46756
790,Nance,Annable,nannablelx@simplemachines.org,Female,Al Bawīţī,51573
791,Alexander,Whittington,awhittingtonly@reverbnation.com,Male,Strážná,39634
792,Darlene,Spellward,dspellwardlz@sfgate.com,Female,Baras,29909
793,Roshelle,Bernlin,rbernlinm0@auda.org.au,Female,Łętownia,35927
794,Wake,Greatbanks,wgreatbanksm1@bloomberg.com,Male,Priekule,24036
795,Urbanus,Kilban,ukilbanm2@pcworld.com,Male,Jabat,55214
796,Gran,Masterson,gmastersonm3@mail.ru,Male,Riversdale,27127
797,Sisile,Tirrell,stirrellm4@dropbox.com,Female,Castanheira,51672
798,Dennie,Devote,ddevotem5@list-manage.com,Female,Nanxing,50133
799,Roscoe,Burges,rburgesm6@trellian.com,Male,Tavira,33584
800,Harbert,Kenner,hkennerm7@merriam-webster.com,Male,Netrakona,37773
801,Hort,Pally,hpallym8@google.fr,Male,Vällingby,54019
802,Wendeline,Lashley,wlashleym9@opensource.org,Female,Jarošov nad Nežárkou,55805
803,Franky,Sango,fsangoma@gizmodo.com,Male,Liuhe,44243
804,Raff,Trude,rtrudemb@linkedin.com,Male,Aozai,56390
805,Frederik,Peeters,fpeetersmc@flickr.com,Male,Marseille,35321
806,Gibby,Litchmore,glitchmoremd@github.io,Male,Bang Kaeo,46539
807,Ettie,Digle,edigleme@loc.gov,Female,Nymburk,58561
808,Ellen,Cornuau,ecornuaumf@nih.gov,Female,Cheqiao,31890
809,Darcee,Hallatt,dhallattmg@zdnet.com,Female,Bicaj,23978
810,Arlen,Tesauro,atesauromh@soup.io,Female,Jaen,49190
811,Luce,Armall,larmallmi@bloglines.com,Female,Chavães,39424
812,Katheryn,Emmanuele,kemmanuelemj@imageshack.us,Female,Nanjin,52733
813,Hurleigh,Matityahu,hmatityahumk@imgur.com,Male,Kasba Tadla,57104
814,Clarinda,Berrow,cberrowml@about.me,Female,Paucar,41132
815,Chad,Martinetto,cmartinettomm@twitter.com,Female,Shtip,58487
816,Eleen,Powney,epowneymn@t.co,Female,Balta,38912
817,Portie,Culvey,pculveymo@fda.gov,Male,Shangzhuang,43383
818,Freda,Bowser,fbowsermp@harvard.edu,Female,Poponcol,24057
819,Janette,Sydry,jsydrymq@mediafire.com,Female,Andradina,45666
820,Jess,Ironside,jironsidemr@wisc.edu,Male,Shalazhi,21611
821,Milo,Maren,mmarenms@cdc.gov,Male,Burgas,41786
822,Zelda,Gherardesci,zgherardescimt@freewebs.com,Female,Oltinko’l,27519
823,Bret,Bone,bbonemu@xrea.com,Male,Kandangan,44398
824,Marley,Dupey,mdupeymv@engadget.com,Female,Sevlievo,51162
825,Conrade,Conville,cconvillemw@goo.gl,Male,Sasovo,48151
826,Norean,Lorenc,nlorencmx@nationalgeographic.com,Female,Bouctouche,36769
827,Sari,Ashbolt,sashboltmy@washington.edu,Female,Culianin,44548
828,Sholom,Dysart,sdysartmz@mail.ru,Male,Andamui,43436
829,Kevina,Stennett,kstennettn0@jigsy.com,Female,Warudoyong,39354
830,Kiersten,Strawbridge,kstrawbridgen1@ycombinator.com,Female,Ulsan,33020
831,Welsh,Stockle,wstocklen2@hugedomains.com,Male,Sandefjord,57109
832,Svend,Wallice,swallicen3@xinhuanet.com,Male,Dal’neye Konstantinovo,46922
833,Dene,Walsh,dwalshn4@ask.com,Male,Mehona,59194
834,Gloria,Leppington,gleppingtonn5@rakuten.co.jp,Female,Phra Pradaeng,52356
835,Micky,Lippard,mlippardn6@about.com,Male,Fkih Ben Salah,47727
836,Tome,Cosslett,tcosslettn7@answers.com,Male,Quimistán,50476
837,Ward,Baggelley,wbaggelleyn8@topsy.com,Male,Wagar,29133
838,Nedda,Shekle,nsheklen9@symantec.com,Female,Shangfang,52863
839,Dillie,de Copeman,ddecopemanna@soundcloud.com,Male,Budapest,39345
840,Hashim,Decort,hdecortnb@springer.com,Male,Rābigh,32004
841,Daron,Hrihorovich,dhrihorovichnc@soup.io,Male,Iwonicz-Zdrój,30712
842,Karee,Tague,ktaguend@flickr.com,Female,Chengbei,33918
843,Aluin,Pallent,apallentne@earthlink.net,Male,Altares,43244
844,Delmore,Toman,dtomannf@narod.ru,Male,Perivólia,34465
845,Whittaker,Crimin,wcriminng@nymag.com,Male,Maodao,59638
846,Wendye,Brunstan,wbrunstannh@wired.com,Female,Pedamaran,20442
847,Emmit,Panting,epantingni@shareasale.com,Male,Kirs,44577
848,Eduardo,Callway,ecallwaynj@irs.gov,Male,Temorlorong,35174
849,Dorian,Laugharne,dlaugharnenk@weather.com,Female,Hawassa,59706
850,Myra,Witnall,mwitnallnl@photobucket.com,Female,Ořechov,39640
851,Tessy,Ingarfill,tingarfillnm@reuters.com,Female,Chipinge,33183
852,Jermaine,Diben,jdibennn@auda.org.au,Male,Alexandria,38267
853,Elane,Poynor,epoynorno@google.de,Female,Kristiansand S,26852
854,Clarie,Sheards,csheardsnp@arstechnica.com,Female,Merke,58100
855,Geri,Druce,gdrucenq@bloomberg.com,Male,Emmaboda,31952
856,Riordan,Chinge de Hals,rchingedehalsnr@taobao.com,Male,Embu,56617
857,Darya,Jermey,djermeyns@drupal.org,Female,Nglego,23015
858,Malchy,Briant,mbriantnt@dyndns.org,Male,Rybnoye,28855
859,Heather,Porkiss,hporkissnu@youtube.com,Female,Nihommatsu,47349
860,Quinton,Prettejohns,qprettejohnsnv@geocities.jp,Male,Samaipata,56505
861,Wolf,Vitte,wvittenw@time.com,Male,Thủ Thừa,33005
862,Vera,Stormont,vstormontnx@vistaprint.com,Female,Paseka,49101
863,Pat,Fyfe,pfyfeny@wunderground.com,Female,Canoas,59069
864,Baxie,Darmody,bdarmodynz@globo.com,Male,Åby,29962
865,Evonne,Yielding,eyieldingo0@hugedomains.com,Female,Morelos,41875
866,Miran,Pechet,mpecheto1@drupal.org,Female,Belčišta,38631
867,Jobina,Adair,jadairo2@ameblo.jp,Female,Luntas,30638
868,Killie,Fransman,kfransmano3@trellian.com,Male,Santa Clara La Laguna,46744
869,Odey,Stickney,ostickneyo4@tiny.cc,Male,Xinjie,45452
870,Clemens,Frears,cfrearso5@baidu.com,Male,Melíti,32879
871,Yulma,Menco,ymencoo6@berkeley.edu,Male,Tipaz,21374
872,Trish,de Vaen,tdevaeno7@123-reg.co.uk,Female,Venilale,25238
873,Amelina,Agglio,aagglioo8@hhs.gov,Female,Swiętajno,47836
874,Petr,Margerrison,pmargerrisono9@indiatimes.com,Male,Battaramulla South,51580
875,Kate,Bosley,kbosleyoa@de.vu,Female,San Angelo,55295
876,Claybourne,Orgen,corgenob@rakuten.co.jp,Male,Kondinskoye,24398
877,Jeniece,Weerdenburg,jweerdenburgoc@chronoengine.com,Female,Orhei,44098
878,Lorain,Clampett,lclampettod@people.com.cn,Female,Lazaro Cardenas,44564
879,Elsbeth,Belderfield,ebelderfieldoe@discovery.com,Female,Hrvatini,33327
880,Bradley,Theodoris,btheodorisof@foxnews.com,Male,Longcang,36786
881,Marlyn,Mechell,mmechellog@oracle.com,Female,Drosiá,35929
882,Valry,Anyon,vanyonoh@people.com.cn,Female,Irkliyevskaya,54512
883,Tye,McQuaid,tmcquaidoi@businesswire.com,Male,San Juan Bautista,51799
884,Joceline,De Robertis,jderobertisoj@rediff.com,Female,Quimbaya,40469
885,Euell,Leidl,eleidlok@canalblog.com,Male,Mbanza Congo,38602
886,Gavra,Tumayan,gtumayanol@acquirethisname.com,Female,Dangshun,27312
887,Giustino,Wisher,gwisherom@google.co.jp,Male,Miami,20488
888,Leonid,Ramble,lrambleon@paypal.com,Male,Huyang,37612
889,Clary,Caneo,ccaneooo@princeton.edu,Female,Laozhuang,43377
890,Salmon,Chevers,scheversop@google.co.jp,Male,Jepat Kidul,35180
891,Sig,Roffe,sroffeoq@illinois.edu,Male,Madrid,52170
892,Fredia,Barge,fbargeor@blogs.com,Female,Rennes,24300
893,Averil,MacKenny,amackennyos@free.fr,Female,Lihu,27865
894,Hillie,Mayers,hmayersot@deviantart.com,Male,Czarna,54828
895,Palmer,Poletto,ppolettoou@exblog.jp,Male,Caldas,59566
896,Oswald,Rampling,oramplingov@smh.com.au,Male,Carrascal,38584
897,Ruby,Williment,rwillimentow@i2i.jp,Male,Yongfeng,47576
898,Emilee,Muxworthy,emuxworthyox@chicagotribune.com,Female,Oslo,26436
899,Saw,Jerome,sjeromeoy@phoca.cz,Male,Bansko,37092
900,Francine,Biskupiak,fbiskupiakoz@unesco.org,Female,Sayansk,32013
901,Brianna,Vondruska,bvondruskap0@mlb.com,Female,Fuyong,49613
902,Annora,Glassup,aglassupp1@exblog.jp,Female,Lycksele,49100
903,Coretta,Dinnies,cdinniesp2@list-manage.com,Female,Qal‘eh-ye Khvājeh,44039
904,Tawsha,Hasel,thaselp3@oracle.com,Female,Haitou,48089
905,Hilly,Schade,hschadep4@indiatimes.com,Male,Shanjiao,58279
906,Layney,Lyttle,llyttlep5@engadget.com,Female,Bagamoyo,44140
907,Deana,Bridgeman,dbridgemanp6@illinois.edu,Female,Kokkónion,23484
908,Friederike,Franz-Schoninger,ffranzschoningerp7@gov.uk,Female,Ayna,40562
909,Ossie,Fettiplace,ofettiplacep8@wordpress.com,Male,Gafanha de Aquém,32986
910,Dasha,Yandle,dyandlep9@paypal.com,Female,Pesqueira,23925
911,Nil,Sheeran,nsheeranpa@sina.com.cn,Male,Kampungraja,53929
912,Joya,Harrod,jharrodpb@alexa.com,Female,Piskivka,28664
913,Myca,Kirdsch,mkirdschpc@huffingtonpost.com,Male,Rychwał,39019
914,Sidney,Tully,stullypd@omniture.com,Male,Yuty,30148
915,Zeke,Emlen,zemlenpe@accuweather.com,Male,San Roque,23177
916,Didi,Cutforth,dcutforthpf@deliciousdays.com,Female,Krajandadapmulyo,20080
917,Viv,Assard,vassardpg@uol.com.br,Female,Bolaoit,45096
918,Gauthier,Mackriell,gmackriellph@booking.com,Male,Višnjićevo,41307
919,Jeff,Huonic,jhuonicpi@blog.com,Male,Mendeleyevo,21971
920,Derward,Giorgielli,dgiorgiellipj@washington.edu,Male,Zhulan,20989
921,Wilbur,Gerdts,wgerdtspk@ibm.com,Male,Saint-Augustin,37328
922,Desmond,Yesson,dyessonpl@digg.com,Male,Klavdiyevo-Tarasove,56119
923,Suki,Bowdidge,sbowdidgepm@yale.edu,Female,Pingxi,44846
924,Janos,Lebel,jlebelpn@twitter.com,Male,Marly,57707
925,Lee,Allington,lallingtonpo@bbc.co.uk,Male,Ilek,51071
926,Quinn,Golagley,qgolagleypp@hud.gov,Male,Guaimaca,29348
927,Alida,Glendining,aglendiningpq@reddit.com,Female,Tomorlog,20818
928,Noelani,Lowfill,nlowfillpr@jalbum.net,Female,Pinamalayan,22645
929,Ethelred,Welland,ewellandps@blinklist.com,Male,Louriceira,34581
930,Fraser,Kinsey,fkinseypt@mozilla.com,Male,Bojongsari,54114
931,Aaron,Nevison,anevisonpu@a8.net,Male,Xishui,57082
932,Dallas,Belitz,dbelitzpv@fema.gov,Male,Lere,37566
933,Torrence,Drewery,tdrewerypw@pbs.org,Male,Guadalupe,22559
934,Florella,Punton,fpuntonpx@theglobeandmail.com,Female,Napanee Downtown,58904
935,Janella,Domleo,jdomleopy@prnewswire.com,Female,Caspisapa,42178
936,Teresa,Danbrook,tdanbrookpz@wufoo.com,Female,Aubenas,26480
937,Elvin,Chappelow,echappelowq0@domainmarket.com,Male,Yebaishou,36564
938,Patty,Cokly,pcoklyq1@adobe.com,Female,Liên Chiểu,27870
939,Earvin,O'Roan,eoroanq2@gizmodo.com,Male,Pamakayo,39739
940,Lorilee,Pechacek,lpechacekq3@foxnews.com,Female,Shicha,50338
941,Auria,Letteresse,aletteresseq4@mlb.com,Female,Laprida,25620
942,Merrili,Tuminini,mtumininiq5@archive.org,Female,Fenshui,37959
943,Hastie,Vedmore,hvedmoreq6@pagesperso-orange.fr,Male,Altıağac,24859
944,Salem,McCheyne,smccheyneq7@lulu.com,Male,Al ‘Alamayn,45548
945,Burke,Bunnell,bbunnellq8@ibm.com,Male,Tahe,55552
946,Inga,Sparshett,isparshettq9@walmart.com,Female,Castelões,29848
947,Normand,Gaymer,ngaymerqa@alibaba.com,Male,Lālmohan,37755
948,Rurik,De Cleen,rdecleenqb@blogtalkradio.com,Male,Kibre Mengist,22359
949,Mariel,Dassindale,mdassindaleqc@linkedin.com,Female,Espírito Santo do Pinhal,45115
950,Barbie,Gunter,bgunterqd@list-manage.com,Female,Maubin,47191
951,Othello,Thompson,othompsonqe@businessweek.com,Male,Matsena,57509
952,Manuel,Stoyell,mstoyellqf@ted.com,Male,Satu Nou,24780
953,Esteban,Millard,emillardqg@rakuten.co.jp,Male,Bor Ondor,25099
954,Rem,Morican,rmoricanqh@uiuc.edu,Male,Guanhães,26529
955,Fidel,D'Alesco,fdalescoqi@howstuffworks.com,Male,Vuka,36274
956,Floria,Helstrom,fhelstromqj@noaa.gov,Female,Kamina,46040
957,Concordia,Hitschke,chitschkeqk@reference.com,Female,Manlucahoc,20877
958,Pearle,De Souza,pdesouzaql@shareasale.com,Female,San Rafael Abajo,54108
959,Nellie,Mahody,nmahodyqm@washington.edu,Female,Savonranta,24453
960,Drusie,Blaze,dblazeqn@mozilla.com,Female,Tetovo,21024
961,Constantina,O'Skehan,coskehanqo@ed.gov,Female,Logan Lake,53808
962,Aurora,Currm,acurrmqp@sina.com.cn,Female,Honghuatao,38384
963,Briant,Basnett,bbasnettqq@oakley.com,Male,Yampil’,20516
964,Moise,Brogi,mbrogiqr@instagram.com,Male,Nashville,20645
965,Dalt,Bakey,dbakeyqs@barnesandnoble.com,Male,Cambé,58841
966,Corie,Newiss,cnewissqt@blogs.com,Female,Batatais,33905
967,Will,Essex,wessexqu@naver.com,Male,Salingogan,25835
968,Koo,Ferraro,kferraroqv@smh.com.au,Female,Shnogh,35711
969,Ferris,Beddard,fbeddardqw@1688.com,Male,España,23876
970,Nikos,Errol,nerrolqx@senate.gov,Male,Sogati,47978
971,Lucita,Gerrelts,lgerreltsqy@imdb.com,Female,Mogok,35497
972,Marina,Feaks,mfeaksqz@privacy.gov.au,Female,Tebluru,23485
973,Stu,Epsley,sepsleyr0@ask.com,Male,Guadalupe,23031
974,Vasili,Waberer,vwabererr1@goo.ne.jp,Male,Khovaling,55184
975,Harris,Niesegen,hniesegenr2@wufoo.com,Male,Bolou,48836
976,Tirrell,Crick,tcrickr3@amazon.de,Male,Lendava,52003
977,Faith,Tsarovic,ftsarovicr4@bravesites.com,Female,Zhoupi,21095
978,Christalle,Gerckens,cgerckensr5@noaa.gov,Female,Tsibulev,22631
979,Dorie,Pracy,dpracyr6@ca.gov,Male,Starominskaya,44615
980,Lenci,Fitchet,lfitchetr7@google.nl,Male,Bergen,26717
981,Sheila,Estabrook,sestabrookr8@wikispaces.com,Female,Newton,51498
982,Alayne,Shipton,ashiptonr9@vk.com,Female,Buurhakaba,51941
983,Chere,Cockcroft,ccockcroftra@jugem.jp,Female,Gllogjan,24461
984,Martin,O'Leagham,moleaghamrb@goo.ne.jp,Male,Beiling,51274
985,Lemmie,Roll,lrollrc@behance.net,Male,Resapombo,46352
986,Chicky,Autry,cautryrd@prnewswire.com,Female,Pangal Sur,39225
987,Ettore,Kitchingman,ekitchingmanre@nymag.com,Male,Naju,21393
988,Yance,Feben,yfebenrf@goodreads.com,Male,Lühua,42290
989,Vanda,Woodgate,vwoodgaterg@ucoz.com,Female,Ituiutaba,40615
990,Gates,Mayward,gmaywardrh@dagondesign.com,Female,Kárystos,34047
991,Allys,Symonds,asymondsri@nbcnews.com,Female,Şafwá,42309
992,Juanita,Shimwell,jshimwellrj@webs.com,Female,Cruz das Almas,48408
993,Roby,Skellen,rskellenrk@alexa.com,Female,Shkodër,32579
994,Starlin,Haryngton,sharyngtonrl@washington.edu,Female,That Phanom,42161
995,Minni,Hindenberger,mhindenbergerrm@paginegialle.it,Female,Kaum Kaler,31742
996,Helaina,Milverton,hmilvertonrn@usda.gov,Female,Valencia,29219
997,Amby,Zoane,azoanero@yahoo.co.jp,Male,Majagual,52531
998,Corey,Portchmouth,cportchmouthrp@indiatimes.com,Female,Cantapoy,29352
999,Marchall,Jeffryes,mjeffryesrq@istockphoto.com,Male,Vierzon,56986
1000,Nadya,Wyldbore,nwyldborerr@amazon.de,Female,Krajan Dua Padomasan,49684
